method,run_id,seed,iteration,sequence,oracle_score,surrogate_score,min_hamming_distance,dataset
rl,7,49,0,GAAAATAA,0.5738155841827393,0.403681867569685,1,tfbind8
rl,7,49,0,AAAGATTA,0.6512699723243713,0.3923603249341249,2,tfbind8
rl,7,49,0,TTAAATTA,0.46608665585517883,0.39518745146691797,2,tfbind8
rl,7,49,0,CTAAATTT,0.5026285648345947,0.37939925014972686,2,tfbind8
rl,7,49,0,TGTAAAAA,0.46480846405029297,0.3976630236208439,1,tfbind8
rl,7,49,0,GAAAATTT,0.43303921818733215,0.3906991945207119,1,tfbind8
rl,7,49,0,AAAAAGAA,0.563765287399292,0.37912773981690406,2,tfbind8
rl,7,49,0,CTAATTAG,0.5214097499847412,0.38334824711084364,2,tfbind8
rl,7,49,0,CAAGATTG,0.6528058648109436,0.3741127392649651,3,tfbind8
rl,7,49,0,TAAATTAA,0.49903103709220886,0.3803365564346313,2,tfbind8
rl,7,49,0,GTAAAAAT,0.4684678316116333,0.37752824857831,1,tfbind8
rl,7,49,0,ACAGATTT,0.41394880414009094,0.39717411443591116,1,tfbind8
rl,7,49,0,CAAATTGT,0.4639735221862793,0.3727473406493664,2,tfbind8
rl,7,49,0,ATTAATGA,0.8504102826118469,0.3806163163483143,2,tfbind8
rl,7,49,0,ACTGATTA,0.672236442565918,0.3808373182266951,1,tfbind8
rl,7,49,0,ATTAAAAA,0.7067270278930664,0.4044650186598301,1,tfbind8
rl,7,49,0,AAATATTT,0.5946377515792847,0.3802079157531261,1,tfbind8
rl,7,49,0,AAAGATGT,0.3726755380630493,0.3755432861298323,3,tfbind8
rl,7,49,0,ATAAATAA,0.6463942527770996,0.389474501311779,2,tfbind8
rl,7,49,0,CAAATTTA,0.39594072103500366,0.378863957375288,2,tfbind8
rl,7,49,0,AAAAAATT,0.2898816764354706,0.37381736375391483,2,tfbind8
rl,7,49,1,AAAAAAAA,0.5247495174407959,0.3943272505700588,1,tfbind8
rl,7,49,1,TTAAAAAT,0.5240898132324219,0.39803488194942477,2,tfbind8
rl,7,49,1,TTAAAATA,0.7488764524459839,0.3982904177159071,2,tfbind8
rl,7,49,1,GTAAAAAA,0.4026821553707123,0.39958768837153913,0,tfbind8
rl,7,49,1,TTAATAAA,0.6248505115509033,0.3965458917617798,1,tfbind8
rl,7,49,1,TAAAATTA,0.47755947709083557,0.39601647295057774,1,tfbind8
rl,7,49,2,AAAAAAAA,0.5247495174407959,0.3943272505700588,1,tfbind8
rl,7,49,2,TTAAAAAA,0.5865769386291504,0.4005648283660412,1,tfbind8
rl,7,49,2,TAAAATTA,0.47755947709083557,0.39601647295057774,1,tfbind8
rl,7,49,2,ATTAAAAA,0.7067270278930664,0.4044650186598301,1,tfbind8
rl,7,49,3,AAAAAAAA,0.5247495174407959,0.3943272505700588,1,tfbind8
rl,7,49,3,TTAAAAAA,0.5865769386291504,0.4005648283660412,1,tfbind8
rl,7,49,3,TAAAATTA,0.47755947709083557,0.39601647295057774,1,tfbind8
rl,7,49,3,ATTAAAAA,0.7067270278930664,0.4044650186598301,1,tfbind8
rl,7,49,4,TTAAAAAA,0.5865769386291504,0.4005648283660412,1,tfbind8
rl,7,49,4,ATTAAAAA,0.7067270278930664,0.4044650186598301,1,tfbind8
rl,7,49,5,TTAAAAAA,0.5865769386291504,0.4005648283660412,1,tfbind8
rl,7,49,5,ATTAAAAA,0.7067270278930664,0.4044650186598301,1,tfbind8
rl,7,49,6,TTAAAAAA,0.5865769386291504,0.4005648283660412,1,tfbind8
rl,7,49,6,ATTAAAAA,0.7067270278930664,0.4044650186598301,1,tfbind8
rl,7,49,7,TTAAAAAA,0.5865769386291504,0.4005648283660412,1,tfbind8
rl,7,49,7,ATTAAAAA,0.7067270278930664,0.4044650186598301,1,tfbind8
rl,7,49,8,TTAAAAAA,0.5865769386291504,0.4005648283660412,1,tfbind8
rl,7,49,8,ATTAAAAA,0.7067270278930664,0.4044650186598301,1,tfbind8
rl,7,49,9,TTAAAAAA,0.5865769386291504,0.4005648283660412,1,tfbind8
rl,7,49,10,TTAAAAAA,0.5865769386291504,0.4005648283660412,1,tfbind8
rl,7,49,11,TTAAAAAA,0.5865769386291504,0.4005648283660412,1,tfbind8
rl,7,49,12,TTAAAAAA,0.5865769386291504,0.4005648283660412,1,tfbind8
rl,7,49,13,TTAAAAAA,0.5865769386291504,0.4005648283660412,1,tfbind8
rl,7,49,14,TTAAAAAA,0.5865769386291504,0.4005648283660412,1,tfbind8
rl,7,49,14,ATTAAAAA,0.7067270278930664,0.4044650186598301,1,tfbind8
rl,7,49,15,TTAAAAAA,0.5865769386291504,0.4005648283660412,1,tfbind8
rl,7,49,16,TTAAAAAA,0.5865769386291504,0.4005648283660412,1,tfbind8
rl,7,49,17,TTAAAAAA,0.5865769386291504,0.4005648283660412,1,tfbind8
rl,7,49,18,TTAAAAAA,0.5865769386291504,0.4005648283660412,1,tfbind8
rl,7,49,19,TTAAAAAA,0.5865769386291504,0.4005648283660412,1,tfbind8
rl,1,43,0,TTAAAAAG,0.4438316822052002,0.3947363720089197,1,tfbind8
rl,1,43,0,GAAAAATG,0.38049933314323425,0.3853801108896732,1,tfbind8
rl,1,43,0,TAAAATTT,0.36148104071617126,0.38075676128268243,2,tfbind8
rl,1,43,0,CTAAATAG,0.5106996893882751,0.3880697765946388,1,tfbind8
rl,1,43,0,GAAAAAAA,0.4065888822078705,0.3941112492978573,0,tfbind8
rl,1,43,0,GTATTTTT,0.6907908320426941,0.38124407596886156,2,tfbind8
rl,1,43,0,TTTAAAAA,0.6171504259109497,0.394118617773056,1,tfbind8
rl,1,43,0,GAAATTTT,0.34377190470695496,0.38040206640958785,2,tfbind8
rl,1,43,0,AAAAATTG,0.27442997694015503,0.3819998060911894,1,tfbind8
rl,1,43,0,TTAAACAA,0.49554693698883057,0.3905760611593723,1,tfbind8
rl,1,43,0,TAAAAAAC,0.6201604008674622,0.39136787310242654,1,tfbind8
rl,1,43,0,AAAATTTA,0.39172473549842834,0.3834599358588457,2,tfbind8
rl,1,43,0,AGTATTGA,0.7596070766448975,0.3856787322461605,2,tfbind8
rl,1,43,0,GTAAACAG,0.5680431127548218,0.39312920682132246,1,tfbind8
rl,1,43,1,TTTAAAAA,0.6171504259109497,0.394118617773056,1,tfbind8
rl,1,43,1,ATAAAAAA,0.5013297200202942,0.39476060010492803,1,tfbind8
rl,1,43,1,GAAAAAAA,0.4065888822078705,0.3941112492978573,0,tfbind8
rl,1,43,1,TTAAAAAG,0.4438316822052002,0.3947363720089197,1,tfbind8
rl,1,43,2,TAAAAAAA,0.483527809381485,0.38455397337675096,1,tfbind8
rl,1,43,2,ATAAAAAA,0.5013297200202942,0.39476060010492803,1,tfbind8
rl,1,43,3,TAAAAAAA,0.483527809381485,0.38455397337675096,1,tfbind8
rl,1,43,3,ATAAAAAA,0.5013297200202942,0.39476060010492803,1,tfbind8
rl,1,43,4,TAAAAAAA,0.483527809381485,0.38455397337675096,1,tfbind8
rl,1,43,4,CTAAAAAA,0.6447964906692505,0.3900708721578121,1,tfbind8
rl,1,43,5,TAAAAAAA,0.483527809381485,0.38455397337675096,1,tfbind8
rl,1,43,6,TAAAAAAA,0.483527809381485,0.38455397337675096,1,tfbind8
rl,1,43,7,TAAAAAAA,0.483527809381485,0.38455397337675096,1,tfbind8
rl,1,43,8,TAAAAAAA,0.483527809381485,0.38455397337675096,1,tfbind8
rl,1,43,9,TAAAAAAA,0.483527809381485,0.38455397337675096,1,tfbind8
rl,1,43,10,TAAAAAAA,0.483527809381485,0.38455397337675096,1,tfbind8
rl,1,43,11,TAAAAAAA,0.483527809381485,0.38455397337675096,1,tfbind8
rl,1,43,12,TAAAAAAA,0.483527809381485,0.38455397337675096,1,tfbind8
rl,1,43,13,TAAAAAAA,0.483527809381485,0.38455397337675096,1,tfbind8
rl,1,43,14,TAAAAAAA,0.483527809381485,0.38455397337675096,1,tfbind8
rl,1,43,15,TAAAAAAA,0.483527809381485,0.38455397337675096,1,tfbind8
rl,1,43,16,TAAAAAAA,0.483527809381485,0.38455397337675096,1,tfbind8
rl,1,43,17,TAAAAAAA,0.483527809381485,0.38455397337675096,1,tfbind8
rl,1,43,18,TAAAAAAA,0.483527809381485,0.38455397337675096,1,tfbind8
rl,1,43,19,TAAAAAAA,0.483527809381485,0.38455397337675096,1,tfbind8
rl,8,50,0,TTAAAAAA,0.5865769386291504,0.4016891223937273,1,tfbind8
rl,8,50,0,CTAAAAAT,0.3775409162044525,0.3905585426092148,1,tfbind8
rl,8,50,0,ATAAATAG,0.7464231252670288,0.3886717113852501,2,tfbind8
rl,8,50,0,TGTAAAAA,0.46480846405029297,0.39238424390554427,1,tfbind8
rl,8,50,0,GAAAAAAA,0.4065888822078705,0.39500789135694503,0,tfbind8
rl,8,50,0,TAAAATTG,0.3714282810688019,0.3992526189982891,2,tfbind8
rl,8,50,0,ATAAACAT,0.7622871398925781,0.3848340397328138,3,tfbind8
rl,8,50,0,CTAAATTG,0.4846101403236389,0.3976509103924036,1,tfbind8
rl,8,50,1,TTAAAAAA,0.5865769386291504,0.4016891223937273,1,tfbind8
rl,8,50,1,AATAAAAA,0.577176034450531,0.3924514522403479,2,tfbind8
rl,8,50,1,AAAAATTA,0.43864676356315613,0.3959856027364731,1,tfbind8
rl,8,50,2,TAAAAAAA,0.483527809381485,0.38825485557317735,1,tfbind8
rl,8,50,2,ATAAAAAA,0.5013297200202942,0.3984974580258131,1,tfbind8
rl,8,50,2,AATAAAAA,0.577176034450531,0.3924514522403479,2,tfbind8
rl,8,50,3,ATAAAAAA,0.5013297200202942,0.3984974580258131,1,tfbind8
rl,8,50,4,ATAAAAAA,0.5013297200202942,0.3984974580258131,1,tfbind8
rl,8,50,4,TAAAAAAA,0.483527809381485,0.38825485557317735,1,tfbind8
rl,8,50,5,TAAAAAAA,0.483527809381485,0.38825485557317735,1,tfbind8
rl,8,50,5,ATAAAAAA,0.5013297200202942,0.3984974580258131,1,tfbind8
rl,8,50,6,TAAAAAAA,0.483527809381485,0.38825485557317735,1,tfbind8
rl,8,50,6,ATAAAAAA,0.5013297200202942,0.3984974580258131,1,tfbind8
rl,8,50,7,TAAAAAAA,0.483527809381485,0.38825485557317735,1,tfbind8
rl,8,50,8,TAAAAAAA,0.483527809381485,0.38825485557317735,1,tfbind8
rl,8,50,8,ATAAAAAA,0.5013297200202942,0.3984974580258131,1,tfbind8
rl,8,50,9,TAAAAAAA,0.483527809381485,0.38825485557317735,1,tfbind8
rl,8,50,10,TAAAAAAA,0.483527809381485,0.38825485557317735,1,tfbind8
rl,8,50,11,TAAAAAAA,0.483527809381485,0.38825485557317735,1,tfbind8
rl,8,50,11,ATAAAAAA,0.5013297200202942,0.3984974580258131,1,tfbind8
rl,8,50,12,TAAAAAAA,0.483527809381485,0.38825485557317735,1,tfbind8
rl,8,50,13,TAAAAAAA,0.483527809381485,0.38825485557317735,1,tfbind8
rl,8,50,14,TAAAAAAA,0.483527809381485,0.38825485557317735,1,tfbind8
rl,8,50,15,TAAAAAAA,0.483527809381485,0.38825485557317735,1,tfbind8
rl,8,50,16,TAAAAAAA,0.483527809381485,0.38825485557317735,1,tfbind8
rl,8,50,17,TAAAAAAA,0.483527809381485,0.38825485557317735,1,tfbind8
rl,8,50,17,ATAAAAAA,0.5013297200202942,0.3984974580258131,1,tfbind8
rl,8,50,18,TAAAAAAA,0.483527809381485,0.38825485557317735,1,tfbind8
rl,8,50,19,TAAAAAAA,0.483527809381485,0.38825485557317735,1,tfbind8
rl,5,47,0,GAAATTAA,0.34007132053375244,0.3854751491546631,1,tfbind8
rl,5,47,0,ATAAATAA,0.6463942527770996,0.3846199980378151,2,tfbind8
rl,5,47,0,TTAAATTT,0.3532964885234833,0.3851889457553625,2,tfbind8
rl,5,47,0,TTAATTAG,0.4898775517940521,0.38487079001963137,2,tfbind8
rl,5,47,0,TAAAAAAT,0.6062033772468567,0.38500061839818955,2,tfbind8
rl,5,47,0,GTAAAATT,0.2971900403499603,0.3914569894224405,2,tfbind8
rl,5,47,0,TTAATTTA,0.49903103709220886,0.39631813764572144,1,tfbind8
rl,5,47,0,CTAAAAAT,0.3775409162044525,0.39021461628377435,1,tfbind8
rl,5,47,0,TTTAAAAA,0.6171504259109497,0.3930163836479187,1,tfbind8
rl,5,47,0,CTAAATGA,0.6641343235969543,0.3903406283259392,1,tfbind8
rl,5,47,0,CGTAAATT,0.29915887117385864,0.4063190634548664,1,tfbind8
rl,5,47,0,TAATTTTT,0.43864676356315613,0.38582587860524653,3,tfbind8
rl,5,47,0,ATAAATTG,0.6089040637016296,0.3904795801639557,1,tfbind8
rl,5,47,0,CTAGATTT,0.5277697443962097,0.3847924489527941,3,tfbind8
rl,5,47,1,CTAATTTA,0.5226672887802124,0.39702243246138097,1,tfbind8
rl,5,47,1,AAAATTTA,0.39172473549842834,0.38986084528267384,2,tfbind8
rl,5,47,1,TAAAATTA,0.47755947709083557,0.39364475570619106,1,tfbind8
rl,5,47,1,GTAAATTA,0.5353977084159851,0.39225086018443106,1,tfbind8
rl,5,47,1,TTTAAAAT,0.710056483745575,0.40084510274231433,1,tfbind8
rl,5,47,1,TAATATTT,0.7002123594284058,0.401678042113781,2,tfbind8
rl,5,47,1,TTAATAAA,0.6248505115509033,0.3903771185874939,1,tfbind8
rl,5,47,1,TTAAATAA,0.6867809891700745,0.3889738910645246,2,tfbind8
rl,5,47,1,ATAAATTG,0.6089040637016296,0.3904795801639557,1,tfbind8
rl,5,47,1,TTAAAATT,0.5997917652130127,0.3930086996406317,2,tfbind8
rl,5,47,1,ATAAAATA,0.8233929872512817,0.39218885488808153,2,tfbind8
rl,5,47,1,GTAAAAAA,0.4026821553707123,0.39646132342517376,0,tfbind8
rl,5,47,2,TAAATATA,0.8401228785514832,0.38388343766331673,3,tfbind8
rl,5,47,2,TTAATTTA,0.49903103709220886,0.39631813764572144,1,tfbind8
rl,5,47,2,TTAAATAA,0.6867809891700745,0.3889738910645246,2,tfbind8
rl,5,47,2,TTAAAATA,0.7488764524459839,0.3944399667531252,2,tfbind8
rl,5,47,2,TTAATAAA,0.6248505115509033,0.3903771185874939,1,tfbind8
rl,5,47,2,AAAAAATA,0.6735661625862122,0.38743676245212555,2,tfbind8
rl,5,47,2,ATAAAAAT,0.6896569728851318,0.3886555302143097,2,tfbind8
rl,5,47,2,GTAAAAAA,0.4026821553707123,0.39646132342517376,0,tfbind8
rl,5,47,2,CAATATTA,0.6940481662750244,0.38413588181138036,2,tfbind8
rl,5,47,2,TTTAAAAA,0.6171504259109497,0.3930163836479187,1,tfbind8
rl,5,47,2,GTAAATTA,0.5353977084159851,0.39225086018443106,1,tfbind8
rl,5,47,2,ATAATTAT,0.790799081325531,0.38428539879620077,3,tfbind8
rl,5,47,2,TAATAATA,0.8161773681640625,0.389668597355485,2,tfbind8
rl,5,47,2,TAATTATT,0.5401600003242493,0.383009217903018,2,tfbind8
rl,5,47,2,TAAAATTA,0.47755947709083557,0.39364475570619106,1,tfbind8
rl,5,47,2,TTATATTT,0.6782357096672058,0.3946073690056801,3,tfbind8
rl,5,47,3,ATAATTTA,0.566672146320343,0.39372505761682985,1,tfbind8
rl,5,47,3,GTAATAAT,0.7252607941627502,0.38694192953407763,2,tfbind8
rl,5,47,3,TTTAAAAA,0.6171504259109497,0.3930163836479187,1,tfbind8
rl,5,47,3,TAATATTA,0.8237125277519226,0.3964493594318628,2,tfbind8
rl,5,47,3,AAAAATTA,0.43864676356315613,0.39103374056518075,1,tfbind8
rl,5,47,3,TTAAATAT,0.8246402740478516,0.38763864278793336,2,tfbind8
rl,5,47,3,TAAATTTA,0.595390260219574,0.38957391954958437,2,tfbind8
rl,5,47,3,TAATAATT,0.48251762986183167,0.39154341876506804,3,tfbind8
rl,5,47,3,ATAATAAA,0.7410629391670227,0.3914157038927078,2,tfbind8
rl,5,47,3,ATAAAATA,0.8233929872512817,0.39218885488808153,2,tfbind8
rl,5,47,3,GATAATAA,0.8290727138519287,0.4005817350745201,2,tfbind8
rl,5,47,3,TAAAAATA,0.6687523126602173,0.3889402340352535,2,tfbind8
rl,5,47,3,GAAATATA,0.7970560193061829,0.3876002001017332,2,tfbind8
rl,5,47,4,TAATATTA,0.8237125277519226,0.3964493594318628,2,tfbind8
rl,5,47,4,AAAATATA,0.7618542313575745,0.3849031077325344,3,tfbind8
rl,5,47,4,AAAAATTA,0.43864676356315613,0.39103374056518075,1,tfbind8
rl,5,47,4,TAAAAATA,0.6687523126602173,0.3889402340352535,2,tfbind8
rl,5,47,4,TAAAAAAT,0.6062033772468567,0.38500061839818955,2,tfbind8
rl,5,47,4,TTAATTTA,0.49903103709220886,0.39631813764572144,1,tfbind8
rl,5,47,4,TTTATAAT,0.6932647228240967,0.3974629421532154,1,tfbind8
rl,5,47,4,GTAATAAA,0.5999257564544678,0.3887028985470533,1,tfbind8
rl,5,47,4,TAATAATT,0.48251762986183167,0.39154341876506804,3,tfbind8
rl,5,47,4,GTAAAATT,0.2971900403499603,0.3914569894224405,2,tfbind8
rl,5,47,4,GAAATTAA,0.34007132053375244,0.3854751491546631,1,tfbind8
rl,5,47,5,AAAAATTA,0.43864676356315613,0.39103374056518075,1,tfbind8
rl,5,47,5,TAATAATA,0.8161773681640625,0.389668597355485,2,tfbind8
rl,5,47,5,AAAAAAAA,0.5247495174407959,0.38348194330930707,1,tfbind8
rl,5,47,5,TAATATTT,0.7002123594284058,0.401678042113781,2,tfbind8
rl,5,47,5,TAAATTTA,0.595390260219574,0.38957391954958437,2,tfbind8
rl,5,47,5,ATAATTAA,0.6734527945518494,0.3829729850590229,2,tfbind8
rl,5,47,5,TAATTATT,0.5401600003242493,0.383009217903018,2,tfbind8
rl,5,47,5,ATAAAATA,0.8233929872512817,0.39218885488808153,2,tfbind8
rl,5,47,5,CTAAATTA,0.38147857785224915,0.3933174256235361,2,tfbind8
rl,5,47,5,TAAAAAAT,0.6062033772468567,0.38500061839818955,2,tfbind8
rl,5,47,5,TTAATTAT,0.6734527945518494,0.3864750239998102,3,tfbind8
rl,5,47,5,ATAATAAT,0.7568135857582092,0.3894800668954849,3,tfbind8
rl,5,47,6,TAAAATTA,0.47755947709083557,0.39364475570619106,1,tfbind8
rl,5,47,6,TAAAAAAT,0.6062033772468567,0.38500061839818955,2,tfbind8
rl,5,47,6,AAAAAAAA,0.5247495174407959,0.38348194330930707,1,tfbind8
rl,5,47,6,TAATATTT,0.7002123594284058,0.401678042113781,2,tfbind8
rl,5,47,6,TAATAATA,0.8161773681640625,0.389668597355485,2,tfbind8
rl,5,47,6,ATAATATT,0.7687811851501465,0.3844809439778328,2,tfbind8
rl,5,47,6,TAAATATA,0.8401228785514832,0.38388343766331673,3,tfbind8
rl,5,47,6,TTTATAAT,0.6932647228240967,0.3974629421532154,1,tfbind8
rl,5,47,6,ATAATTAT,0.790799081325531,0.38428539879620077,3,tfbind8
rl,5,47,6,TATTAATT,0.808281421661377,0.38901208378374574,2,tfbind8
rl,5,47,7,TTAATATA,0.8543581962585449,0.3930853929370642,2,tfbind8
rl,5,47,7,TAATATTA,0.8237125277519226,0.3964493594318628,2,tfbind8
rl,5,47,7,AAAAATTA,0.43864676356315613,0.39103374056518075,1,tfbind8
rl,5,47,7,TAATAATT,0.48251762986183167,0.39154341876506804,3,tfbind8
rl,5,47,7,ATAATAAT,0.7568135857582092,0.3894800668954849,3,tfbind8
rl,5,47,8,TAATATTA,0.8237125277519226,0.3964493594318628,2,tfbind8
rl,5,47,8,TAATAATT,0.48251762986183167,0.39154341876506804,3,tfbind8
rl,5,47,8,TTAATAAT,0.6242733001708984,0.3957192923128605,2,tfbind8
rl,5,47,8,TTATATTT,0.6782357096672058,0.3946073690056801,3,tfbind8
rl,5,47,8,TAGTAATA,0.7150765061378479,0.3930456005781889,1,tfbind8
rl,5,47,9,TAATATTT,0.7002123594284058,0.401678042113781,2,tfbind8
rl,5,47,9,TTAATAAT,0.6242733001708984,0.3957192923128605,2,tfbind8
rl,5,47,9,GTAATTTA,0.4192264974117279,0.3939224091172218,0,tfbind8
rl,5,47,9,TTAATATA,0.8543581962585449,0.3930853929370642,2,tfbind8
rl,5,47,10,TAATATTA,0.8237125277519226,0.3964493594318628,2,tfbind8
rl,5,47,10,TTATATTT,0.6782357096672058,0.3946073690056801,3,tfbind8
rl,5,47,10,TATTATTT,0.7851090431213379,0.3866706209629774,2,tfbind8
rl,5,47,10,TAATAATT,0.48251762986183167,0.39154341876506804,3,tfbind8
rl,5,47,10,TAAATTTA,0.595390260219574,0.38957391954958437,2,tfbind8
rl,5,47,11,TATTATTT,0.7851090431213379,0.3866706209629774,2,tfbind8
rl,5,47,11,TAATATTA,0.8237125277519226,0.3964493594318628,2,tfbind8
rl,5,47,11,TTATATTT,0.6782357096672058,0.3946073690056801,3,tfbind8
rl,5,47,11,TAATTATT,0.5401600003242493,0.383009217903018,2,tfbind8
rl,5,47,11,ATAATTAT,0.790799081325531,0.38428539879620077,3,tfbind8
rl,5,47,11,TTAATTTA,0.49903103709220886,0.39631813764572144,1,tfbind8
rl,5,47,11,ATAATATT,0.7687811851501465,0.3844809439778328,2,tfbind8
rl,5,47,11,AAAATTTA,0.39172473549842834,0.38986084528267384,2,tfbind8
rl,5,47,12,TAATTTTT,0.43864676356315613,0.38582587860524653,3,tfbind8
rl,5,47,12,TTATATTT,0.6782357096672058,0.3946073690056801,3,tfbind8
rl,5,47,12,TATTATTT,0.7851090431213379,0.3866706209629774,2,tfbind8
rl,5,47,12,TAATATTA,0.8237125277519226,0.3964493594318628,2,tfbind8
rl,5,47,12,TAATAATT,0.48251762986183167,0.39154341876506804,3,tfbind8
rl,5,47,12,ATTATAAT,0.742145299911499,0.39086520463228225,2,tfbind8
rl,5,47,13,TAATTTTT,0.43864676356315613,0.38582587860524653,3,tfbind8
rl,5,47,13,TTAATAAT,0.6242733001708984,0.3957192923128605,2,tfbind8
rl,5,47,13,TAATAATT,0.48251762986183167,0.39154341876506804,3,tfbind8
rl,5,47,13,TTATATTT,0.6782357096672058,0.3946073690056801,3,tfbind8
rl,5,47,13,TAATATTA,0.8237125277519226,0.3964493594318628,2,tfbind8
rl,5,47,13,ATAATTTA,0.566672146320343,0.39372505761682985,1,tfbind8
rl,5,47,13,TATTATTT,0.7851090431213379,0.3866706209629774,2,tfbind8
rl,5,47,14,TAATAATT,0.48251762986183167,0.39154341876506804,3,tfbind8
rl,5,47,14,TAATTTTT,0.43864676356315613,0.38582587860524653,3,tfbind8
rl,5,47,14,TAATATTA,0.8237125277519226,0.3964493594318628,2,tfbind8
rl,5,47,14,TTAATTTT,0.5527254343032837,0.3845700024813414,2,tfbind8
rl,5,47,14,TATTATTT,0.7851090431213379,0.3866706209629774,2,tfbind8
rl,5,47,14,CAAAATTA,0.49302148818969727,0.38958232156932354,1,tfbind8
rl,5,47,14,ATAAATTA,0.6247990131378174,0.3891026895493269,2,tfbind8
rl,5,47,14,TTATATTT,0.6782357096672058,0.3946073690056801,3,tfbind8
rl,5,47,15,TAATTTTT,0.43864676356315613,0.38582587860524653,3,tfbind8
rl,5,47,15,TTAATTTT,0.5527254343032837,0.3845700024813414,2,tfbind8
rl,5,47,15,TAATATTA,0.8237125277519226,0.3964493594318628,2,tfbind8
rl,5,47,15,TAAATTTA,0.595390260219574,0.38957391954958437,2,tfbind8
rl,5,47,15,ATAATTTA,0.566672146320343,0.39372505761682985,1,tfbind8
rl,5,47,15,TTATATTT,0.6782357096672058,0.3946073690056801,3,tfbind8
rl,5,47,15,TAATAATT,0.48251762986183167,0.39154341876506804,3,tfbind8
rl,5,47,15,TTAATAAT,0.6242733001708984,0.3957192923128605,2,tfbind8
rl,5,47,15,TATTATTT,0.7851090431213379,0.3866706209629774,2,tfbind8
rl,5,47,16,TAATTTTT,0.43864676356315613,0.38582587860524653,3,tfbind8
rl,5,47,16,TTAATTAT,0.6734527945518494,0.3864750239998102,3,tfbind8
rl,5,47,16,TAATAATT,0.48251762986183167,0.39154341876506804,3,tfbind8
rl,5,47,16,TTAATTTA,0.49903103709220886,0.39631813764572144,1,tfbind8
rl,5,47,16,TAATATTA,0.8237125277519226,0.3964493594318628,2,tfbind8
rl,5,47,16,ATAATAAT,0.7568135857582092,0.3894800668954849,3,tfbind8
rl,5,47,16,ATAAATTA,0.6247990131378174,0.3891026895493269,2,tfbind8
rl,5,47,16,TATTATTT,0.7851090431213379,0.3866706209629774,2,tfbind8
rl,5,47,16,AAAATTTA,0.39172473549842834,0.38986084528267384,2,tfbind8
rl,5,47,16,CTAAATAA,0.6325093507766724,0.38368599116802216,2,tfbind8
rl,5,47,17,TTAATTTA,0.49903103709220886,0.39631813764572144,1,tfbind8
rl,5,47,17,TAATAATT,0.48251762986183167,0.39154341876506804,3,tfbind8
rl,5,47,17,TAATATTA,0.8237125277519226,0.3964493594318628,2,tfbind8
rl,5,47,17,TTAATAAT,0.6242733001708984,0.3957192923128605,2,tfbind8
rl,5,47,17,TTATATTT,0.6782357096672058,0.3946073690056801,3,tfbind8
rl,5,47,18,TAATAATT,0.48251762986183167,0.39154341876506804,3,tfbind8
rl,5,47,18,TAATATTA,0.8237125277519226,0.3964493594318628,2,tfbind8
rl,5,47,18,TTAATAAT,0.6242733001708984,0.3957192923128605,2,tfbind8
rl,5,47,18,GTAATTTA,0.4192264974117279,0.3939224091172218,0,tfbind8
rl,5,47,19,TAATAATT,0.48251762986183167,0.39154341876506804,3,tfbind8
rl,5,47,19,TAATATTA,0.8237125277519226,0.3964493594318628,2,tfbind8
rl,5,47,19,TTAATAAT,0.6242733001708984,0.3957192923128605,2,tfbind8
rl,5,47,19,TTATATTT,0.6782357096672058,0.3946073690056801,3,tfbind8
rl,6,48,0,GTAAAAAT,0.4684678316116333,0.3784211800992489,1,tfbind8
rl,6,48,0,TAAAAAAT,0.6062033772468567,0.3843028166145086,2,tfbind8
rl,6,48,0,TTAAATTT,0.3532964885234833,0.37599549472332,2,tfbind8
rl,6,48,0,CTAAATAT,0.7883870005607605,0.38867367021739485,2,tfbind8
rl,6,48,0,CTAAATTA,0.38147857785224915,0.38726425647735596,2,tfbind8
rl,6,48,0,TTATTTTT,0.6657114624977112,0.3826698264479637,3,tfbind8
rl,6,48,0,AAAAATAA,0.6657114624977112,0.3771555610001087,2,tfbind8
rl,6,48,0,GTTATTTT,0.6253452897071838,0.38204634591937064,2,tfbind8
rl,6,48,0,TTTTAATT,0.40119779109954834,0.37348287023603916,2,tfbind8
rl,6,48,0,TTAAAAAA,0.5865769386291504,0.4019934651255608,1,tfbind8
rl,6,48,0,ACAGTTTT,0.5199253559112549,0.37678055465221405,1,tfbind8
rl,6,48,0,TGTAATTT,0.28522244095802307,0.3866908232867718,3,tfbind8
rl,6,48,0,CTAGATTT,0.5277697443962097,0.378951573446393,3,tfbind8
rl,6,48,0,GTAAATAG,0.6208613514900208,0.38176205292344095,2,tfbind8
rl,6,48,0,TTTTTAGA,0.5438502430915833,0.3852106449007988,2,tfbind8
rl,6,48,0,GGTTTTTA,0.5555189251899719,0.3806934709101915,2,tfbind8
rl,6,48,0,ACAGATAT,0.9182884693145752,0.3832901592552662,2,tfbind8
rl,6,48,1,AAAATATA,0.7618542313575745,0.37714226327836514,3,tfbind8
rl,6,48,1,GATATTTT,0.8120026588439941,0.3818093652278185,3,tfbind8
rl,6,48,1,GTAAATTT,0.400414377450943,0.3801200398057699,1,tfbind8
rl,6,48,1,ATTTTAGA,0.7821403741836548,0.3822767832130194,1,tfbind8
rl,6,48,1,AAAAAAAA,0.5247495174407959,0.38579010978341105,1,tfbind8
rl,6,48,1,TTTTATTT,0.5633323788642883,0.377579475492239,3,tfbind8
rl,6,48,1,ATAATTTA,0.566672146320343,0.39497356332838535,1,tfbind8
rl,6,48,1,GAAATAAA,0.5321815609931946,0.37716283164918424,1,tfbind8
rl,6,48,1,TTTAAAAA,0.6171504259109497,0.3968639478087425,1,tfbind8
rl,6,48,1,TTAATTTT,0.5527254343032837,0.3801025141775608,2,tfbind8
rl,6,48,1,TTTAAATT,0.5101327896118164,0.38348585858941076,2,tfbind8
rl,6,48,1,CTAATATA,0.8484104871749878,0.3833631944656372,2,tfbind8
rl,6,48,1,TAATTTTT,0.43864676356315613,0.3872975027561188,3,tfbind8
rl,6,48,1,AATAATTA,0.5401600003242493,0.37759931944310665,2,tfbind8
rl,6,48,1,GAAATTAT,0.3952500820159912,0.379881252348423,2,tfbind8
rl,6,48,2,AAAAAAAA,0.5247495174407959,0.38579010978341105,1,tfbind8
rl,6,48,2,TTTATATA,0.8461942672729492,0.3844101245701313,2,tfbind8
rl,6,48,2,ATTAAATT,0.45631468296051025,0.3831647656112909,1,tfbind8
rl,6,48,2,TTTTAATA,0.8075495958328247,0.38302256375551225,2,tfbind8
rl,6,48,2,TAATATTT,0.7002123594284058,0.39789247937500477,2,tfbind8
rl,6,48,2,TTATTTTT,0.6657114624977112,0.3826698264479637,3,tfbind8
rl,6,48,2,TTTAAAAA,0.6171504259109497,0.3968639478087425,1,tfbind8
rl,6,48,2,ATAAATTA,0.6247990131378174,0.38586128637194633,2,tfbind8
rl,6,48,2,TTTATAAT,0.6932647228240967,0.392052735760808,1,tfbind8
rl,6,48,2,TTAATTTA,0.49903103709220886,0.3923872841149569,1,tfbind8
rl,6,48,2,ATAAAAAT,0.6896569728851318,0.38850513510406015,2,tfbind8
rl,6,48,2,TAAAAAAT,0.6062033772468567,0.3843028166145086,2,tfbind8
rl,6,48,2,TTTAGATG,0.4306168258190155,0.4133814850449562,0,tfbind8
rl,6,48,2,GAATATTA,0.6855234503746033,0.3892413332313299,1,tfbind8
rl,6,48,2,GAAATATA,0.7970560193061829,0.3861988789588213,2,tfbind8
rl,6,48,2,TTTTTAGA,0.5438502430915833,0.3852106449007988,2,tfbind8
rl,6,48,2,ATAATATA,0.8761699795722961,0.39274059124290944,2,tfbind8
rl,6,48,2,TTAAAATT,0.5997917652130127,0.3874005778878927,2,tfbind8
rl,6,48,2,TTAATTAT,0.6734527945518494,0.38857332065701483,3,tfbind8
rl,6,48,2,AAAATTTA,0.39172473549842834,0.383640738427639,2,tfbind8
rl,6,48,3,GAAAAAAA,0.4065888822078705,0.39192265465855597,0,tfbind8
rl,6,48,3,TTAAAATT,0.5997917652130127,0.3874005778878927,2,tfbind8
rl,6,48,3,TAATATTA,0.8237125277519226,0.39636292576789856,2,tfbind8
rl,6,48,3,TAATAATT,0.48251762986183167,0.3871694745868444,3,tfbind8
rl,6,48,3,ATAATATA,0.8761699795722961,0.39274059124290944,2,tfbind8
rl,6,48,3,TAATTTTT,0.43864676356315613,0.3872975027561188,3,tfbind8
rl,6,48,3,AAAAATTA,0.43864676356315613,0.3872315303981304,1,tfbind8
rl,6,48,3,TTTAGATA,0.8619758486747742,0.39814749516546727,1,tfbind8
rl,6,48,3,TTAATTAT,0.6734527945518494,0.38857332065701483,3,tfbind8
rl,6,48,3,TAAAATAA,0.7090050578117371,0.38611223340034484,2,tfbind8
rl,6,48,3,TTTAAAAA,0.6171504259109497,0.3968639478087425,1,tfbind8
rl,6,48,3,TTAATAAA,0.6248505115509033,0.3991390755772591,1,tfbind8
rl,6,48,3,TAAAAATA,0.6687523126602173,0.3911830485612154,2,tfbind8
rl,6,48,3,ATAAGAAA,0.6487032771110535,0.39330067604780194,1,tfbind8
rl,6,48,3,GAAATATA,0.7970560193061829,0.3861988789588213,2,tfbind8
rl,6,48,3,TAAATTTA,0.595390260219574,0.38812219247221946,2,tfbind8
rl,6,48,4,TTAAAAAT,0.5240898132324219,0.3984767337888479,2,tfbind8
rl,6,48,4,TAAATTTA,0.595390260219574,0.38812219247221946,2,tfbind8
rl,6,48,4,AAAAATTA,0.43864676356315613,0.3872315303981304,1,tfbind8
rl,6,48,4,TTAAATTA,0.46608665585517883,0.388427307382226,2,tfbind8
rl,6,48,4,TAATAATT,0.48251762986183167,0.3871694745868444,3,tfbind8
rl,6,48,4,TAAAAAAA,0.483527809381485,0.38710922285914423,1,tfbind8
rl,6,48,4,TAATTTTT,0.43864676356315613,0.3872975027561188,3,tfbind8
rl,6,48,4,TTTAAAAA,0.6171504259109497,0.3968639478087425,1,tfbind8
rl,6,48,4,TTATATTT,0.6782357096672058,0.3878349596261978,3,tfbind8
rl,6,48,4,ATAATAAA,0.7410629391670227,0.39257545754313466,2,tfbind8
rl,6,48,4,TTAATTAT,0.6734527945518494,0.38857332065701483,3,tfbind8
rl,6,48,4,ATTAAAAT,0.6157485842704773,0.39615130379796026,2,tfbind8
rl,6,48,4,ATAAAATA,0.8233929872512817,0.39352801837027074,2,tfbind8
rl,6,48,4,TTAATATA,0.8543581962585449,0.39385756477713585,2,tfbind8
rl,6,48,5,TAATATTA,0.8237125277519226,0.39636292576789856,2,tfbind8
rl,6,48,5,ATAAAAAA,0.5013297200202942,0.3967309232056141,1,tfbind8
rl,6,48,5,TATAAAAA,0.6777305603027344,0.3923931594192982,2,tfbind8
rl,6,48,5,TTAATAAA,0.6248505115509033,0.3991390755772591,1,tfbind8
rl,6,48,5,TTAATTAT,0.6734527945518494,0.38857332065701483,3,tfbind8
rl,6,48,5,TAAATTTA,0.595390260219574,0.38812219247221946,2,tfbind8
rl,6,48,5,TTTAAATA,0.8275883197784424,0.39158753633499144,2,tfbind8
rl,6,48,5,TTAAAAAT,0.5240898132324219,0.3984767337888479,2,tfbind8
rl,6,48,5,TAAAAATA,0.6687523126602173,0.3911830485612154,2,tfbind8
rl,6,48,5,TCATTTTT,0.526470959186554,0.3874803641438484,2,tfbind8
rl,6,48,5,TTAAATTA,0.46608665585517883,0.388427307382226,2,tfbind8
rl,6,48,5,ATTAAAAT,0.6157485842704773,0.39615130379796026,2,tfbind8
rl,6,48,6,TTAAAAAA,0.5865769386291504,0.4019934651255608,1,tfbind8
rl,6,48,6,TTAATAAT,0.6242733001708984,0.3974144431203604,2,tfbind8
rl,6,48,6,ATTAAAAA,0.7067270278930664,0.40285238265991213,1,tfbind8
rl,6,48,6,TAATATTA,0.8237125277519226,0.39636292576789856,2,tfbind8
rl,6,48,7,TTAAAAAA,0.5865769386291504,0.4019934651255608,1,tfbind8
rl,6,48,8,TTAAAAAA,0.5865769386291504,0.4019934651255608,1,tfbind8
rl,6,48,9,TTAAAAAA,0.5865769386291504,0.4019934651255608,1,tfbind8
rl,6,48,10,TTAAAAAA,0.5865769386291504,0.4019934651255608,1,tfbind8
rl,6,48,10,ATTAAAAA,0.7067270278930664,0.40285238265991213,1,tfbind8
rl,6,48,11,TTAAAAAA,0.5865769386291504,0.4019934651255608,1,tfbind8
rl,6,48,11,ATTAAAAA,0.7067270278930664,0.40285238265991213,1,tfbind8
rl,6,48,12,TTAAAAAA,0.5865769386291504,0.4019934651255608,1,tfbind8
rl,6,48,13,TTAAAAAA,0.5865769386291504,0.4019934651255608,1,tfbind8
rl,6,48,13,ATTAAAAA,0.7067270278930664,0.40285238265991213,1,tfbind8
rl,6,48,14,TTAAAAAA,0.5865769386291504,0.4019934651255608,1,tfbind8
rl,6,48,14,ATTAAAAA,0.7067270278930664,0.40285238265991213,1,tfbind8
rl,6,48,15,TTAAAAAA,0.5865769386291504,0.4019934651255608,1,tfbind8
rl,6,48,16,TTAAAAAA,0.5865769386291504,0.4019934651255608,1,tfbind8
rl,6,48,17,TTAAAAAA,0.5865769386291504,0.4019934651255608,1,tfbind8
rl,6,48,18,TTAAAAAA,0.5865769386291504,0.4019934651255608,1,tfbind8
rl,6,48,19,TTAAAAAA,0.5865769386291504,0.4019934651255608,1,tfbind8
rl,2,44,0,TTAAAAAG,0.4438316822052002,0.3964925479888916,1,tfbind8
rl,2,44,0,TAAAAAAC,0.6201604008674622,0.3907527945190668,1,tfbind8
rl,2,44,0,AAAAAAAA,0.5247495174407959,0.38538784109055996,1,tfbind8
rl,2,44,0,TTAAACAT,0.5513338446617126,0.38335540644824506,2,tfbind8
rl,2,44,0,TTAAATAA,0.6867809891700745,0.38654877930879594,2,tfbind8
rl,2,44,0,TTAAAATT,0.5997917652130127,0.3819491922110319,2,tfbind8
rl,2,44,0,GTAAAAAA,0.4026821553707123,0.39735564596951006,0,tfbind8
rl,2,44,0,TTAAATGT,0.5370469689369202,0.38259302772581577,1,tfbind8
rl,2,44,0,GAAAAGAA,0.4192986488342285,0.3837085648626089,1,tfbind8
rl,2,44,0,AAAGAATA,0.699696958065033,0.37675709996372464,2,tfbind8
rl,2,44,0,TTAAATTG,0.5250793695449829,0.38655233293771746,1,tfbind8
rl,2,44,0,TTTAAAAA,0.6171504259109497,0.39383504509925843,1,tfbind8
rl,2,44,0,GAAAAAAT,0.4765802025794983,0.3761893911659718,1,tfbind8
rl,2,44,0,CTAAAAAT,0.3775409162044525,0.3887351080030203,1,tfbind8
rl,2,44,1,AAAAAAAA,0.5247495174407959,0.38538784109055996,1,tfbind8
rl,2,44,1,TTAAAAAA,0.5865769386291504,0.3986464584618807,1,tfbind8
rl,2,44,1,AAAAATTA,0.43864676356315613,0.39076026931405067,1,tfbind8
rl,2,44,1,GAAAAATA,0.6656495928764343,0.3971456153690815,1,tfbind8
rl,2,44,2,AAAAAAAA,0.5247495174407959,0.38538784109055996,1,tfbind8
rl,2,44,2,AAAAATTA,0.43864676356315613,0.39076026931405067,1,tfbind8
rl,2,44,3,AAAAATTA,0.43864676356315613,0.39076026931405067,1,tfbind8
rl,2,44,3,AAAAAAAA,0.5247495174407959,0.38538784109055996,1,tfbind8
rl,2,44,4,AAAAAAAA,0.5247495174407959,0.38538784109055996,1,tfbind8
rl,2,44,4,AAAAATTA,0.43864676356315613,0.39076026931405067,1,tfbind8
rl,2,44,5,AAAAAAAA,0.5247495174407959,0.38538784109055996,1,tfbind8
rl,2,44,5,AAAATTTA,0.39172473549842834,0.3889362172037363,2,tfbind8
rl,2,44,6,AAAAAAAA,0.5247495174407959,0.38538784109055996,1,tfbind8
rl,2,44,7,AAAAAAAA,0.5247495174407959,0.38538784109055996,1,tfbind8
rl,2,44,8,AAAAAAAA,0.5247495174407959,0.38538784109055996,1,tfbind8
rl,2,44,9,AAAAAAAA,0.5247495174407959,0.38538784109055996,1,tfbind8
rl,2,44,10,AAAAAAAA,0.5247495174407959,0.38538784109055996,1,tfbind8
rl,2,44,11,AAAAAAAA,0.5247495174407959,0.38538784109055996,1,tfbind8
rl,2,44,12,AAAAAAAA,0.5247495174407959,0.38538784109055996,1,tfbind8
rl,2,44,13,AAAAAAAA,0.5247495174407959,0.38538784109055996,1,tfbind8
rl,2,44,14,AAAAAAAA,0.5247495174407959,0.38538784109055996,1,tfbind8
rl,2,44,15,AAAAAAAA,0.5247495174407959,0.38538784109055996,1,tfbind8
rl,2,44,16,AAAAAAAA,0.5247495174407959,0.38538784109055996,1,tfbind8
rl,2,44,17,AAAAAAAA,0.5247495174407959,0.38538784109055996,1,tfbind8
rl,2,44,18,AAAAAAAA,0.5247495174407959,0.38538784109055996,1,tfbind8
rl,2,44,19,AAAAAAAA,0.5247495174407959,0.38538784109055996,1,tfbind8
rl,9,51,0,TTTAAAAA,0.6171504259109497,0.3960152397304773,1,tfbind8
rl,9,51,0,ATAAAAAG,0.6277058720588684,0.38837958484888074,2,tfbind8
rl,9,51,0,CGTAATTA,0.526470959186554,0.38699970379471776,2,tfbind8
rl,9,51,0,TTTTAAGA,0.5728157162666321,0.3893771389126778,1,tfbind8
rl,9,51,0,ACAGATTA,0.5254401564598083,0.3954001024365425,2,tfbind8
rl,9,51,0,AAAAAAAA,0.5247495174407959,0.38898672625422476,1,tfbind8
rl,9,51,0,GAAATTAA,0.34007132053375244,0.38920664593577387,1,tfbind8
rl,9,51,0,CTAAAAAA,0.6447964906692505,0.3840756347030401,1,tfbind8
rl,9,51,0,ATAAATAA,0.6463942527770996,0.3825378326326609,2,tfbind8
rl,9,51,0,CTAAATAG,0.5106996893882751,0.39029527477920056,1,tfbind8
rl,9,51,0,TTAAAAAC,0.6520842909812927,0.3824614492058754,1,tfbind8
rl,9,51,0,CTTAATTG,0.40197089314460754,0.3830572508275509,1,tfbind8
rl,9,51,0,GAAAAAAT,0.4765802025794983,0.38262869901955127,1,tfbind8
rl,9,51,1,AATAAAAA,0.577176034450531,0.39172360479831697,2,tfbind8
rl,9,51,1,ATAAAAAA,0.5013297200202942,0.39245882354676725,1,tfbind8
rl,9,51,1,GAAAAAAA,0.4065888822078705,0.39525739692151546,0,tfbind8
rl,9,51,1,TTTAAAAA,0.6171504259109497,0.3960152397304773,1,tfbind8
rl,9,51,1,TAAAAATA,0.6687523126602173,0.39302354462444783,2,tfbind8
rl,9,51,2,ATAAAAAA,0.5013297200202942,0.39245882354676725,1,tfbind8
rl,9,51,2,TAAAAATA,0.6687523126602173,0.39302354462444783,2,tfbind8
rl,9,51,3,ATAAAAAA,0.5013297200202942,0.39245882354676725,1,tfbind8
rl,9,51,3,AATAAAAA,0.577176034450531,0.39172360479831697,2,tfbind8
rl,9,51,3,AAAAAATA,0.6735661625862122,0.3915408939868212,2,tfbind8
rl,9,51,4,ATAAAAAA,0.5013297200202942,0.39245882354676725,1,tfbind8
rl,9,51,5,TAAAAAAA,0.483527809381485,0.3854807670414448,1,tfbind8
rl,9,51,5,ATAAAAAA,0.5013297200202942,0.39245882354676725,1,tfbind8
rl,9,51,5,AATAAAAA,0.577176034450531,0.39172360479831697,2,tfbind8
rl,9,51,5,AAAAAATA,0.6735661625862122,0.3915408939868212,2,tfbind8
rl,9,51,6,ATAAAAAA,0.5013297200202942,0.39245882354676725,1,tfbind8
rl,9,51,7,TAAAAAAA,0.483527809381485,0.3854807670414448,1,tfbind8
rl,9,51,7,ATAAAAAA,0.5013297200202942,0.39245882354676725,1,tfbind8
rl,9,51,7,AATAAAAA,0.577176034450531,0.39172360479831697,2,tfbind8
rl,9,51,8,ATAAAAAA,0.5013297200202942,0.39245882354676725,1,tfbind8
rl,9,51,8,GAAAAAAA,0.4065888822078705,0.39525739692151546,0,tfbind8
rl,9,51,9,ATAAAAAA,0.5013297200202942,0.39245882354676725,1,tfbind8
rl,9,51,9,AATAAAAA,0.577176034450531,0.39172360479831697,2,tfbind8
rl,9,51,10,ATAAAAAA,0.5013297200202942,0.39245882354676725,1,tfbind8
rl,9,51,11,TAAAAAAA,0.483527809381485,0.3854807670414448,1,tfbind8
rl,9,51,11,ATAAAAAA,0.5013297200202942,0.39245882354676725,1,tfbind8
rl,9,51,12,TAAAAAAA,0.483527809381485,0.3854807670414448,1,tfbind8
rl,9,51,12,ATAAAAAA,0.5013297200202942,0.39245882354676725,1,tfbind8
rl,9,51,13,TAAAAAAA,0.483527809381485,0.3854807670414448,1,tfbind8
rl,9,51,13,ATAAAAAA,0.5013297200202942,0.39245882354676725,1,tfbind8
rl,9,51,14,TAAAAAAA,0.483527809381485,0.3854807670414448,1,tfbind8
rl,9,51,15,TAAAAAAA,0.483527809381485,0.3854807670414448,1,tfbind8
rl,9,51,16,TAAAAAAA,0.483527809381485,0.3854807670414448,1,tfbind8
rl,9,51,16,ATAAAAAA,0.5013297200202942,0.39245882354676725,1,tfbind8
rl,9,51,17,TAAAAAAA,0.483527809381485,0.3854807670414448,1,tfbind8
rl,9,51,18,TAAAAAAA,0.483527809381485,0.3854807670414448,1,tfbind8
rl,9,51,18,ATAAAAAA,0.5013297200202942,0.39245882354676725,1,tfbind8
rl,9,51,19,TAAAAAAA,0.483527809381485,0.3854807670414448,1,tfbind8
rl,9,51,19,ATAAAAAA,0.5013297200202942,0.39245882354676725,1,tfbind8
rl,4,46,0,TTAAAAAG,0.4438316822052002,0.3919485737383366,1,tfbind8
rl,4,46,0,GTAAAAAA,0.4026821553707123,0.39860564514994623,0,tfbind8
rl,4,46,0,TTAAATTG,0.5250793695449829,0.3958555629849434,1,tfbind8
rl,4,46,0,GTAAAATG,0.6045128703117371,0.38786001324653624,1,tfbind8
rl,4,46,0,CTAATTGG,0.6398589611053467,0.3906269331276417,1,tfbind8
rl,4,46,0,CTAAAAAT,0.3775409162044525,0.3858725759387016,1,tfbind8
rl,4,46,0,TGTAAAAC,0.40265122056007385,0.39633813686668873,0,tfbind8
rl,4,46,0,TGTAAATG,0.5248216986656189,0.39452207177877424,2,tfbind8
rl,4,46,1,TTAAATTA,0.46608665585517883,0.39495515942573545,2,tfbind8
rl,4,46,1,GTAAAATA,0.5400775074958801,0.3956014265120029,1,tfbind8
rl,4,46,1,TAAAAAAA,0.483527809381485,0.38961741924285886,1,tfbind8
rl,4,46,1,TAATATTG,0.6940481662750244,0.3969141501188278,2,tfbind8
rl,4,46,1,CTAAATTG,0.4846101403236389,0.3953125385940075,1,tfbind8
rl,4,46,1,TTAAATGG,0.3867562711238861,0.39046632960438726,0,tfbind8
rl,4,46,1,TAAATTTA,0.595390260219574,0.38991769164800644,2,tfbind8
rl,4,46,1,ATAAAAAA,0.5013297200202942,0.3917092769593,1,tfbind8
rl,4,46,2,ATAAATTA,0.6247990131378174,0.39314595133066177,2,tfbind8
rl,4,46,2,TAAAATTA,0.47755947709083557,0.3934116926789284,1,tfbind8
rl,4,46,2,ATAATATA,0.8761699795722961,0.3914627598971128,2,tfbind8
rl,4,46,2,TAATAATT,0.48251762986183167,0.3927589888125658,3,tfbind8
rl,4,46,2,TAATATTG,0.6940481662750244,0.3969141501188278,2,tfbind8
rl,4,46,2,AATAAATA,0.7270646691322327,0.3944551195949316,2,tfbind8
rl,4,46,3,TAATATTA,0.8237125277519226,0.3989069931209087,2,tfbind8
rl,4,46,3,ATAAATTA,0.6247990131378174,0.39314595133066177,2,tfbind8
rl,4,46,3,ATAATATA,0.8761699795722961,0.3914627598971128,2,tfbind8
rl,4,46,3,TAATAATT,0.48251762986183167,0.3927589888125658,3,tfbind8
rl,4,46,3,TTAATAAT,0.6242733001708984,0.3890870203077793,2,tfbind8
rl,4,46,3,AATAAATA,0.7270646691322327,0.3944551195949316,2,tfbind8
rl,4,46,3,TATAAAAT,0.7130663990974426,0.38776089556515214,2,tfbind8
rl,4,46,4,TAATAATT,0.48251762986183167,0.3927589888125658,3,tfbind8
rl,4,46,4,TAATATTA,0.8237125277519226,0.3989069931209087,2,tfbind8
rl,4,46,4,ATAAATTA,0.6247990131378174,0.39314595133066177,2,tfbind8
rl,4,46,4,TTAATAAA,0.6248505115509033,0.3936734117567539,1,tfbind8
rl,4,46,5,TAATAATT,0.48251762986183167,0.3927589888125658,3,tfbind8
rl,4,46,5,TAATATTA,0.8237125277519226,0.3989069931209087,2,tfbind8
rl,4,46,5,ATAAATTA,0.6247990131378174,0.39314595133066177,2,tfbind8
rl,4,46,5,TTAATAAA,0.6248505115509033,0.3936734117567539,1,tfbind8
rl,4,46,6,TAATAATT,0.48251762986183167,0.3927589888125658,3,tfbind8
rl,4,46,6,TTAATAAA,0.6248505115509033,0.3936734117567539,1,tfbind8
rl,4,46,6,TAAAATTA,0.47755947709083557,0.3934116926789284,1,tfbind8
rl,4,46,7,TAAATAAA,0.6453428268432617,0.37998515628278257,2,tfbind8
rl,4,46,7,TAAAATAA,0.7090050578117371,0.38007370337843893,2,tfbind8
rl,4,46,7,TTAATATA,0.8543581962585449,0.3918968790024519,2,tfbind8
rl,4,46,7,TAATAATT,0.48251762986183167,0.3927589888125658,3,tfbind8
rl,4,46,7,ATAATTAA,0.6734527945518494,0.3849041905254126,2,tfbind8
rl,4,46,7,TTAAATTA,0.46608665585517883,0.39495515942573545,2,tfbind8
rl,4,46,7,TATAAAAT,0.7130663990974426,0.38776089556515214,2,tfbind8
rl,4,46,7,TAATATAT,0.8789324760437012,0.381018638163805,3,tfbind8
rl,4,46,7,TTAATAAT,0.6242733001708984,0.3890870203077793,2,tfbind8
rl,4,46,8,TAATAATA,0.8161773681640625,0.39159109123051167,2,tfbind8
rl,4,46,8,TAATTATT,0.5401600003242493,0.38335938088595867,2,tfbind8
rl,4,46,8,TAAAATTA,0.47755947709083557,0.3934116926789284,1,tfbind8
rl,4,46,8,TTAATAAT,0.6242733001708984,0.3890870203077793,2,tfbind8
rl,4,46,8,ATAATTAA,0.6734527945518494,0.3849041905254126,2,tfbind8
rl,4,46,8,ATAATATA,0.8761699795722961,0.3914627598971128,2,tfbind8
rl,4,46,9,TAATAATA,0.8161773681640625,0.39159109123051167,2,tfbind8
rl,4,46,9,TATTATTA,0.8161773681640625,0.3942446310818195,3,tfbind8
rl,4,46,10,TAATAATA,0.8161773681640625,0.39159109123051167,2,tfbind8
rl,4,46,10,TATTATTA,0.8161773681640625,0.3942446310818195,3,tfbind8
rl,4,46,10,TATTAATT,0.808281421661377,0.3952592996507883,2,tfbind8
rl,4,46,10,TTATATTA,0.8309899568557739,0.3930678699910641,3,tfbind8
rl,4,46,10,TTAATATA,0.8543581962585449,0.3918968790024519,2,tfbind8
rl,4,46,11,TAATATTA,0.8237125277519226,0.3989069931209087,2,tfbind8
rl,4,46,11,TAATAATT,0.48251762986183167,0.3927589888125658,3,tfbind8
rl,4,46,11,TATTAATA,0.9047952890396118,0.3950036084651947,2,tfbind8
rl,4,46,12,TAATATTA,0.8237125277519226,0.3989069931209087,2,tfbind8
rl,4,46,12,TATTAATA,0.9047952890396118,0.3950036084651947,2,tfbind8
rl,4,46,12,TAATGATT,0.605749785900116,0.3976798234879971,3,tfbind8
rl,4,46,13,TAATATTA,0.8237125277519226,0.3989069931209087,2,tfbind8
rl,4,46,13,GTTAATAA,0.6392405033111572,0.4012773697823286,1,tfbind8
rl,4,46,14,TAATATTA,0.8237125277519226,0.3989069931209087,2,tfbind8
rl,4,46,15,TAATATTA,0.8237125277519226,0.3989069931209087,2,tfbind8
rl,4,46,16,TAATATTA,0.8237125277519226,0.3989069931209087,2,tfbind8
rl,4,46,17,TAATATTA,0.8237125277519226,0.3989069931209087,2,tfbind8
rl,4,46,18,TAATATTA,0.8237125277519226,0.3989069931209087,2,tfbind8
rl,4,46,19,TAATATTA,0.8237125277519226,0.3989069931209087,2,tfbind8
rl,10,52,0,ATAAAAAA,0.5013297200202942,0.3903553723543882,1,tfbind8
rl,10,52,0,TTAAATTT,0.3532964885234833,0.38299741186201575,2,tfbind8
rl,10,52,0,CTAAAAAT,0.3775409162044525,0.38717452824115756,1,tfbind8
rl,10,52,0,GTAATTAA,0.6238712668418884,0.3933209848403931,1,tfbind8
rl,10,52,0,ATAATTTG,0.7002741694450378,0.3837738662958145,2,tfbind8
rl,10,52,0,GTAATAAT,0.7252607941627502,0.3914208088815212,2,tfbind8
rl,10,52,0,AAAAAATA,0.6735661625862122,0.3827195118367672,2,tfbind8
rl,10,52,0,TAAAAAAA,0.483527809381485,0.3840215656161308,1,tfbind8
rl,10,52,0,CTAAATTG,0.4846101403236389,0.39809209167957305,1,tfbind8
rl,10,52,0,ATTAAAAT,0.6157485842704773,0.3888063867390156,2,tfbind8
rl,10,52,0,ATAAATTA,0.6247990131378174,0.3844241450726986,2,tfbind8
rl,10,52,0,CATAAAAA,0.4884859621524811,0.3873826988041401,1,tfbind8
rl,10,52,0,TTAATTTA,0.49903103709220886,0.3901420986652374,1,tfbind8
rl,10,52,0,GAAATTTA,0.37027376890182495,0.4017124716937542,1,tfbind8
rl,10,52,0,TTTAATTG,0.44361522793769836,0.3840847007185221,2,tfbind8
rl,10,52,0,AAAAATAA,0.6657114624977112,0.3826071538776159,2,tfbind8
rl,10,52,1,TTAAAAAA,0.5865769386291504,0.3965860425680876,1,tfbind8
rl,10,52,1,TAAAATTA,0.47755947709083557,0.4040168754756451,1,tfbind8
rl,10,52,1,ATTAAAAA,0.7067270278930664,0.40251330070197583,1,tfbind8
rl,10,52,2,TTAAAAAA,0.5865769386291504,0.3965860425680876,1,tfbind8
rl,10,52,2,TAAAATTA,0.47755947709083557,0.4040168754756451,1,tfbind8
rl,10,52,3,TTAAAAAT,0.5240898132324219,0.39279609799385073,2,tfbind8
rl,10,52,3,ATTAAAAA,0.7067270278930664,0.40251330070197583,1,tfbind8
rl,10,52,3,TAAAATTA,0.47755947709083557,0.4040168754756451,1,tfbind8
rl,10,52,4,TTAAAAAA,0.5865769386291504,0.3965860425680876,1,tfbind8
rl,10,52,4,TAAAATTA,0.47755947709083557,0.4040168754756451,1,tfbind8
rl,10,52,4,ATTAAAAA,0.7067270278930664,0.40251330070197583,1,tfbind8
rl,10,52,5,TTAAAAAA,0.5865769386291504,0.3965860425680876,1,tfbind8
rl,10,52,5,ATTAAAAA,0.7067270278930664,0.40251330070197583,1,tfbind8
rl,10,52,6,TTAAAAAA,0.5865769386291504,0.3965860425680876,1,tfbind8
rl,10,52,7,TTAAAAAA,0.5865769386291504,0.3965860425680876,1,tfbind8
rl,10,52,8,TTAAAAAA,0.5865769386291504,0.3965860425680876,1,tfbind8
rl,10,52,8,ATTAAAAA,0.7067270278930664,0.40251330070197583,1,tfbind8
rl,10,52,9,TTAAAAAA,0.5865769386291504,0.3965860425680876,1,tfbind8
rl,10,52,10,TTAAAAAA,0.5865769386291504,0.3965860425680876,1,tfbind8
rl,10,52,11,TTAAAAAA,0.5865769386291504,0.3965860425680876,1,tfbind8
rl,10,52,12,TTAAAAAA,0.5865769386291504,0.3965860425680876,1,tfbind8
rl,10,52,13,TTAAAAAA,0.5865769386291504,0.3965860425680876,1,tfbind8
rl,10,52,14,TTAAAAAA,0.5865769386291504,0.3965860425680876,1,tfbind8
rl,10,52,15,TTAAAAAA,0.5865769386291504,0.3965860425680876,1,tfbind8
rl,10,52,15,ATTAAAAA,0.7067270278930664,0.40251330070197583,1,tfbind8
rl,10,52,16,TTAAAAAA,0.5865769386291504,0.3965860425680876,1,tfbind8
rl,10,52,17,TTAAAAAA,0.5865769386291504,0.3965860425680876,1,tfbind8
rl,10,52,18,TTAAAAAA,0.5865769386291504,0.3965860425680876,1,tfbind8
rl,10,52,19,TTAAAAAA,0.5865769386291504,0.3965860425680876,1,tfbind8
rl,3,45,0,TGAAATTT,0.2969014048576355,0.39198254130780696,2,tfbind8
rl,3,45,0,TTTTAATT,0.40119779109954834,0.3754883956164122,2,tfbind8
rl,3,45,0,CTTTATTA,0.6926256418228149,0.3850745788961649,2,tfbind8
rl,3,45,0,TTTAAAAA,0.6171504259109497,0.39603291675448415,1,tfbind8
rl,3,45,0,ACAGTTGT,0.3714798092842102,0.37055730417370797,2,tfbind8
rl,3,45,0,GAAAGAGA,0.5433348417282104,0.3702860017120838,1,tfbind8
rl,3,45,0,CTAATTGT,0.501185417175293,0.3874275371432304,2,tfbind8
rl,3,45,0,GAAAAAAA,0.4065888822078705,0.3982604789733887,0,tfbind8
rl,3,45,0,AAAAAGAA,0.563765287399292,0.3769118795543909,2,tfbind8
rl,3,45,0,ACTGATTA,0.672236442565918,0.37606641292572024,1,tfbind8
rl,3,45,0,GTAAAAGA,0.3737991154193878,0.3816704687476158,1,tfbind8
rl,3,45,0,TTAGATTG,0.38702428340911865,0.36987254172563555,2,tfbind8
rl,3,45,0,CTAATTTA,0.5226672887802124,0.38336051352322104,1,tfbind8
rl,3,45,0,GAAATTTA,0.37027376890182495,0.400728212594986,1,tfbind8
rl,3,45,0,ATTGAAGA,0.648270308971405,0.3838327191025019,1,tfbind8
rl,3,45,0,CTTATTTG,0.40197089314460754,0.3753456261008978,1,tfbind8
rl,3,45,0,GAAGAAGA,0.6324578523635864,0.3700153610110283,1,tfbind8
rl,3,45,0,GAAAATAG,0.5014431476593018,0.3820889699459076,1,tfbind8
rl,3,45,0,CTAAATTT,0.5026285648345947,0.3828996934741735,2,tfbind8
rl,3,45,0,GAAAATTT,0.43303921818733215,0.392476809322834,1,tfbind8
rl,3,45,0,AAAATGGA,0.5585700869560242,0.38231786102056503,2,tfbind8
rl,3,45,0,ACAGATTG,0.5687646865844727,0.39807956740260125,1,tfbind8
rl,3,45,0,TGTTAAAA,0.499443382024765,0.3750237650424242,2,tfbind8
rl,3,45,0,TTAAATAG,0.6708654761314392,0.38543406829237936,1,tfbind8
rl,3,45,0,GTAAAAAG,0.4559023678302765,0.3743656501919031,1,tfbind8
rl,3,45,0,TTTGATTA,0.6478064656257629,0.3728173819929361,2,tfbind8
rl,3,45,0,ACAGAATT,0.3901270031929016,0.3802935217320919,2,tfbind8
rl,3,45,0,GTAAATTG,0.47435370087623596,0.3891329448670149,1,tfbind8
rl,3,45,0,GTAATTAG,0.28435656428337097,0.38215679727494717,2,tfbind8
rl,3,45,1,AAAAAAAA,0.5247495174407959,0.3860100319981575,1,tfbind8
rl,3,45,1,AAAAATTG,0.27442997694015503,0.3858441236615181,1,tfbind8
rl,3,45,1,TTAAAAAT,0.5240898132324219,0.3953001686185598,2,tfbind8
rl,3,45,1,GAAATTTT,0.34377190470695496,0.389949286878109,2,tfbind8
rl,3,45,1,AAAATTTA,0.39172473549842834,0.3850159280747175,2,tfbind8
rl,3,45,1,TTAATTTA,0.49903103709220886,0.3842613802105188,1,tfbind8
rl,3,45,1,GAAAAATA,0.6656495928764343,0.4041745399683714,1,tfbind8
rl,3,45,1,TTTAAAAA,0.6171504259109497,0.39603291675448415,1,tfbind8
rl,3,45,1,TTTTATTA,0.7233538031578064,0.3872900264710188,3,tfbind8
rl,3,45,1,GTAAAATT,0.2971900403499603,0.38707665525376794,2,tfbind8
rl,3,45,1,TTTATATT,0.7181689143180847,0.38721951849758623,2,tfbind8
rl,3,45,2,AAAAAAAA,0.5247495174407959,0.3860100319981575,1,tfbind8
rl,3,45,2,TTAAAAAT,0.5240898132324219,0.3953001686185598,2,tfbind8
rl,3,45,2,GAAAATTT,0.43303921818733215,0.392476809322834,1,tfbind8
rl,3,45,2,AAAAATTA,0.43864676356315613,0.39081206686794756,1,tfbind8
rl,3,45,2,GTAATTTA,0.4192264974117279,0.3984558694064617,0,tfbind8
rl,3,45,2,TAAAATAA,0.7090050578117371,0.38747917860746384,2,tfbind8
rl,3,45,2,TTTATAAA,0.6195110082626343,0.3899175377935171,2,tfbind8
rl,3,45,3,TAAAAAAA,0.483527809381485,0.38782722905278205,1,tfbind8
rl,3,45,3,TTAATAAA,0.6248505115509033,0.3932536696642637,1,tfbind8
rl,3,45,3,AAAAATTA,0.43864676356315613,0.39081206686794756,1,tfbind8
rl,3,45,3,TAATAATT,0.48251762986183167,0.390171115025878,3,tfbind8
rl,3,45,3,TTTTATTA,0.7233538031578064,0.3872900264710188,3,tfbind8
rl,3,45,3,AATAAAAA,0.577176034450531,0.39060688704252244,2,tfbind8
rl,3,45,4,AAAAAAAA,0.5247495174407959,0.3860100319981575,1,tfbind8
rl,3,45,4,GAAAATAA,0.5738155841827393,0.4005031369626522,1,tfbind8
rl,3,45,4,TTAAAAAA,0.5865769386291504,0.39844230711460116,1,tfbind8
rl,3,45,4,TAAAAATA,0.6687523126602173,0.3891970588266849,2,tfbind8
rl,3,45,4,AAAAATTA,0.43864676356315613,0.39081206686794756,1,tfbind8
rl,3,45,5,AAAAAAAA,0.5247495174407959,0.3860100319981575,1,tfbind8
rl,3,45,6,AAAAAAAA,0.5247495174407959,0.3860100319981575,1,tfbind8
rl,3,45,7,AAAAAAAA,0.5247495174407959,0.3860100319981575,1,tfbind8
rl,3,45,8,AAAAAAAA,0.5247495174407959,0.3860100319981575,1,tfbind8
rl,3,45,9,AAAAAAAA,0.5247495174407959,0.3860100319981575,1,tfbind8
rl,3,45,10,AAAAAAAA,0.5247495174407959,0.3860100319981575,1,tfbind8
rl,3,45,11,AAAAAAAA,0.5247495174407959,0.3860100319981575,1,tfbind8
rl,3,45,12,AAAAAAAA,0.5247495174407959,0.3860100319981575,1,tfbind8
rl,3,45,13,AAAAAAAA,0.5247495174407959,0.3860100319981575,1,tfbind8
rl,3,45,14,AAAAAAAA,0.5247495174407959,0.3860100319981575,1,tfbind8
rl,3,45,15,AAAAAAAA,0.5247495174407959,0.3860100319981575,1,tfbind8
rl,3,45,16,AAAAAAAA,0.5247495174407959,0.3860100319981575,1,tfbind8
rl,3,45,17,AAAAAAAA,0.5247495174407959,0.3860100319981575,1,tfbind8
rl,3,45,18,AAAAAAAA,0.5247495174407959,0.3860100319981575,1,tfbind8
rl,3,45,19,AAAAAAAA,0.5247495174407959,0.3860100319981575,1,tfbind8
